{
  "toggle_mod": true,
  "animation_speed": 120,
  "curve_points": [
    [
      0.4157616,
      0.15597042
    ],
    [
      0.671242,
      0.9544297
    ]
  ]
}